Workbook

Sheet New Riyadh Regions
A1: Number | B1: District Name in English | C1: New Region | D1: Done | E1: Need to be checked | F1: Empty based on google map | G1: Comments | H1: Population
A2: 1 | B2: Al Ezdihar | C2: Center | D2: Yes | H2: 35507
A3: 2 | B3: Al Taawun | C3: Center | D3: Yes | H3: 49965
A4: 3 | B4: Al Maseef | C4: Center | D4: Yes | H4: 42594
A5: 4 | B5: Al Muruj | C5: Center | D5: Yes | H5: 39391
A6: 5 | B6: Al Mughrazat | C6: Center | D6: Yes | H6: 16460
A7: 6 | B7: Al Nuzha | C7: Center | D7: Yes | H7: 27415
A8: 7 | B8: Al Mursalat | C8: Center | D8: Yes | H8: 20338
A9: 8 | B9: King Fahd | C9: Center | D9: Yes | H9: 34511
A10: 9 | B10: King Abdullah | C10: Center | D10: Yes | H10: 17697
A11: 10 | B11: King Salman | C11: Center | D11: Yes | G11: Al Wahah and Salahuddin previously | H11: 26336
A12: 11 | B12: Al Woroud | C12: Center | D12: Yes | H12: 39241
A13: 12 | B13: King Abdulaziz | C13: Center | D13: Yes | H13: 55187
A14: 13 | B14: Al Sulaimaniyah | C14: Center | D14: Yes | H14: 90252
A15: 14 | B15: Al Olaya | C15: Center | D15: Yes | H15: 118753
A16: 15 | B16: Ar Rabwah | C16: Center | D16: Yes | H16: 70591
A17: 16 | B17: Al Zahra | C17: Center | D17: Yes | H17: 18684
A18: 17 | B18: Al Malaz | C18: Center | D18: Yes | H18: 93066
A19: 18 | B19: Al Wizarat | C19: Center | D19: Yes | H19: 65790
A20: 19 | B20: Jareer | C20: Center | D20: Yes | H20: 30972
A21: 20 | B21: Al Murabba | C21: Center | D21: Yes | H21: 58068
A22: 21 | B22: Al Futah | C22: Center | D22: Yes | H22: 15526
A23: 22 | B23: Al Amal | C23: Center | D23: Yes | H23: 20513
... A94: 93 | B94: Al Nadwah | C94: East | D94: Yes | H94: 43383
A95: 94 | B95: Al Basatin | C95: East | D95: Yes | G95: Includes Dhahyat Al Fursan | H95: 0
A96: 95 | B96: Al Falah | C96: North | D96: Yes | H96: 24782
A97: 96 | B97: Al Nafel | C97: North | D97: Yes | H97: 49438
A98: 97 | B98: Al Ghadeer | C98: North | D98: Yes | H98: 21308
A99: 98 | B99: Al Aqeeq | C99: North | D99: Yes | H99: 53471
A100: 99 | B100: Hiteen | C100: North | D100: Yes | H100: 35795
A101: 100 | B101: Al Malqa | C101: North | D101: Yes | H101: 87931
A102: 101 | B102: Al Sahafah | C102: North | D102: Yes | H102: 52135
A103: 102 | B103: Ar Rabie | C103: North | D103: Yes | H103: 35054
A104: 103 | B104: Al Nada | C104: North | D104: Yes | H104: 19017
A105: 104 | B105: Al Yasmeen | C105: North | D105: Yes | H105: 107229
A106: 105 | B106: Imam Muhammed Bin Saud Islamic University | C106: North | D106: Yes | H106: 6241
A107: 106 | B107: Al Narjis | C107: North | D107: Yes | H107: 82800
... A113: 112 | B113: Sedrah | C113: East | D113: Yes | H113: 0
A114: 113 | B114: King Khalid International Airport | C114: North | D114: Yes | G114: Includes Dhahyat Al Khuzam | H114: 17031
A115: 114 | B115: East Naseem | C115: South | D115: Yes | H115: 139943
A116: 115 | B116: West Naseem | C116: South | D116: Yes | H116: 159949
A117: 116 | B117: Al Manar | C117: South | D117: Yes | H117: 26584
A118: 117 | B118: Al Saadah | C118: South | D118: Yes | H118: 83187
A119: 118 | B119: Al Fayha | C119: South | D119: Yes | H119: 58107
A120: 119 | B120: Al Jazeerah | C120: South | D120: Yes | H120: 39842
A121: 120 | B121: Al Sulay | C121: South | D121: Yes | G121: One district along with with Alsuli Aljanoubi to be classified in East | H121: 42558
A122: 121 | B122: Al Rayan | C122: South | D122: Yes | H122: 38492
A123: 122 | B123: Al Rawabi | C123: South | D123: Yes | H123: 57209
A124: 123 | B124: Al Salam | C124: South | D124: Yes | H124: 50079
A125: 124 | B125: Al Noor | C125: South | D125: Yes | H125: 6279
A126: 125 | B126: Al Aziziyah | C126: South | D126: Yes | H126: 175897
A127: 126 | B127: Al Dar Al Baida | C127: South | D127: Yes | H127: 157909
A128: 127 | B128: Mansuriyah | C128: South | D128: Yes | H128: 2617
A129: 128 | B129: Al Masani | C129: South | D129: Yes | H129: 14321
A130: 129 | B130: Al Shifa | C130: South | D130: Yes | H130: 70513
A131: 130 | B131: Al Manakh | C131: South | D131: Yes | H131: 25114
A132: 131 | B132: Al Mishael | C132: South | D132: Yes | H132: 21117
A133: 132 | B133: Al Marwah | C133: South | D133: Yes | H133: 17743
... A147: 146 | B147: Al Difaa | C147: South | D147: Yes | H147: 11288
A148: 147 | B148: Al Khuzama | C148: West | D148: Yes | G148: Part in Direyah and part in West Riyadh seperated by Omar Bin Al Khattab Rd | H148: 8936
A149: 148 | B149: Sultanah | C149: West | D149: Yes | H149: 23951
A150: 149 | B150: Al Suwaidi | C150: West | D150: Yes | H150: 58475
A151: 150 | B151: Shubra | C151: West | D151: Yes | H151: 39342
A152: 151 | B152: Namar | C152: West | D152: Yes | H152: 17510
A153: 152 | B153: Al Awaly | C153: West | D153: Yes | H153: 47109
A154: 153 | B154: West Suwaidi | C154: West | D154: Yes | H154: 42356
A155: 154 | B155: West Oraija | C155: West | D155: Yes | H155: 104688
A156: 155 | B156: Dhahrat Al Badeah | C156: West | D156: Yes | H156: 49357
A157: 156 | B157: Middle Oraija | C157: West | D157: Yes | H157: 52233
A158: 157 | B158: Al Uraija | C158: West | D158: Yes | H158: 9146
A159: 158 | B159: Laban | C159: West | D159: Yes | H159: 33229
A160: 159 | B160: Assafarat | C160: West | D160: Yes | H160: 5558
... A169: 168 | B169: Al Mahdiyah | C169: West | D169: Yes | H169: 37067
A170: 169 | B170: Al Rayah | C170: East | D170: No | E170: No | F170: Yes | H170: 50
A171: 170 | B171: Al Sholah | C171: East | D171: No | E171: No | F171: Yes | H171: 50
A172: 171 | B172: Al Zaher | C172: East | D172: No | E172: No | F172: Yes | H172: 344
A173: 172 | B173: Al Zahour | C173: East | D173: No | E173: No | F173: Yes | H173: 0
A174: 173 | B174: Al Majd | C174: East | D174: No | E174: No | F174: Yes | H174: 0
A175: 174 | B175: Al Risalah | C175: East | D175: No | E175: No | F175: Yes | H175: 50
A176: 175 | B176: Al Ula | C176: East | D176: No | E176: No | F176: Yes | H176: 50
A177: 176 | B177: Al Danah | C177: East | D177: No | E177: No | F177: Yes | H177: 0
A178: 177 | B178: Al Nakhbah | C178: East | D178: No | E178: No | F178: Yes | H178: 50
A179: 178 | B179: Al Bashaer | C179: East | D179: No | E179: No | F179: Yes | H179: 0
A180: 179 | B180: Al Mashriq | C180: East | D180: No | E180: No | F180: Yes | H180: 351
A181: 180 | B181: Al Wasam | C181: East | D181: No | E181: No | F181: Yes | H181: 1890
... A187: 186 | B187: Umm Al Shaal | C187: South | D187: No | E187: No | F187: Yes | H187: 0
A188: 187 | B188: Asehbaa | C188: South | D188: No | E188: No | F188: Yes | G188: A separate district but part of Al Haer | H188: 0
A189: 188 | B189: Wady Laban | C189: West | D189: No | E189: No | F189: Yes | G189: A team member checked and no commercial streets are there | H189: 11867
A190: 189 | B190: Dahiyat Namar | C190: West | D190: No | E190: No | F190: Yes | G190: A team member checked and no commercial streets are there | H190: 14409
A191: 190 | B191: King Abdullah City For Energy | C191: West | D191: No | E191: No | F191: Yes | H191: 0

Sheet List
A1: Number | B1: District Name in English | C1: New Region | D1: name_en | E1: Done (Yes or No) | F1: Need to be checked (Yes or No) | G1: Empty based on google map (Yes or No) | H1: Comments
A2: 50 | B2: Al Rayah | C2: =VLOOKUP(B2, [1]Sheet2!C:D, 2, FALSE) -> East | D2: Al Rayah | E2: No | F2: No | G2: Yes
A3: 51 | B3: Al Basatin | C3: =VLOOKUP(B3, [1]Sheet2!C:D, 2, FALSE) -> East | D3: Al Basatin | E3: No | F3: No | G3: Yes | H3: Includes Dhahyat Al Fursan
A4: 52 | B4: Al Sholah | C4: =VLOOKUP(B4, [1]Sheet2!C:D, 2, FALSE) -> East | D4: Al Sholah | E4: No | F4: No | G4: Yes
A5: 53 | B5: Al Zaher | C5: =VLOOKUP(B5, [1]Sheet2!C:D, 2, FALSE) -> East | D5: Al Zaher | E5: No | F5: No | G5: Yes
A6: 54 | B6: Al Zahour | C6: =VLOOKUP(B6, [1]Sheet2!C:D, 2, FALSE) -> East | D6: Al Zahour | E6: No | F6: No | G6: Yes
A7: 55 | B7: Al Majd | C7: =VLOOKUP(B7, [1]Sheet2!C:D, 2, FALSE) -> East | D7: Al Majd | E7: No | F7: No | G7: Yes
A8: 56 | B8: Al Risalah | C8: =VLOOKUP(B8, [1]Sheet2!C:D, 2, FALSE) -> East | D8: Al Risalah | E8: No | F8: No | G8: Yes
A9: 57 | B9: Al Ula | C9: =VLOOKUP(B9, [1]Sheet2!C:D, 2, FALSE) -> East | D9: Al Ula | E9: No | F9: No | G9: Yes
A10: 58 | B10: Al Danah | C10: =VLOOKUP(B10, [1]Sheet2!C:D, 2, FALSE) -> East | D10: Al Danah | E10: No | F10: No | G10: Yes
A11: 59 | B11: Al Nakhbah | C11: =VLOOKUP(B11, [1]Sheet2!C:D, 2, FALSE) -> East | D11: Al Nakhbah | E11: No | F11: No | G11: Yes
A12: 60 | B12: Al Bashaer | C12: =VLOOKUP(B12, [1]Sheet2!C:D, 2, FALSE) -> East | D12: Al Bashaer | E12: No | F12: No | G12: Yes
A13: 61 | B13: Al Mashriq | C13: =VLOOKUP(B13, [1]Sheet2!C:D, 2, FALSE) -> East | D13: Al Mashriq | E13: No | F13: No | G13: Yes
A14: 62 | B14: Al Wasam | C14: =VLOOKUP(B14, [1]Sheet2!C:D, 2, FALSE) -> East | D14: Al Wasam | E14: No | F14: No | G14: Yes
A15: 63 | B15: Al Sahab | C15: =VLOOKUP(B15, [1]Sheet2!C:D, 2, FALSE) -> East | D15: Al Sahab | E15: No | F15: No | G15: Yes
... A23: 151 | B23: King Abdullah City For Energy | C23: =VLOOKUP(B23, [1]Sheet2!C:D, 2, FALSE) -> West | D23: King Abdullah City For Energy | E23: No | F23: No | G23: Yes
A24: 190 | B24: Asehbaa | C24: =VLOOKUP(B24, [1]Sheet2!C:D, 2, FALSE) -> South | D24: Asehbaa | E24: No | F24: No | G24: Yes | H24: A separate district but part of Al Haer
A25: 1 | B25: Al Faisaliyah | C25: =VLOOKUP(B25, [1]Sheet2!C:D, 2, FALSE) -> Center | D25: Al Faisaliyah | E25: No | F25: Yes | G25: No
A26: 2 | B26: Al Sinaiyah | C26: =VLOOKUP(B26, [1]Sheet2!C:D, 2, FALSE) -> Center | D26: Al Sinaiyah | E26: No | F26: Yes | G26: No
A27: 3 | B27: Al Khalidiyah | C27: =VLOOKUP(B27, [1]Sheet2!C:D, 2, FALSE) -> Center | D27: Al Khalidiyah | E27: No | F27: Yes | G27: No
A28: 4 | B28: Al Butaiha | C28: =VLOOKUP(B28, [1]Sheet2!C:D, 2, FALSE) -> Center | D28: Al Butaiha | E28: No | F28: Yes | G28: No
A29: 49 | B29: Al Nadwah | C29: =VLOOKUP(B29, [1]Sheet2!C:D, 2, FALSE) -> East | D29: Al Nadwah | E29: No | F29: Yes | G29: No
A30: 100 | B30: Sedrah | C30: =VLOOKUP(B30, [1]Sheet2!C:D, 2, FALSE) -> East | D30: Sedrah | E30: No | F30: Yes | G30: No
A31: 101 | B31: King Khalid International Airport | C31: =VLOOKUP(B31, [1]Sheet2!C:D, 2, FALSE) -> North | D31: King Khalid International Airport | E31: No | F31: Yes | G31: No | H31: Includes Dhahyat alkhuzam
A32: 144 | B32: Al Zahrah | C32: =VLOOKUP(B32, [1]Sheet2!C:D, 2, FALSE) -> West | D32: Al Zahrah | E32: No | F32: Yes | G32: No
A33: 145 | B33: King Saud University | C33: =VLOOKUP(B33, [1]Sheet2!C:D, 2, FALSE) -> Center | D33: King Saud University | E33: No | F33: Yes | G33: No
A34: 146 | B34: Dirab | C34: =VLOOKUP(B34, [1]Sheet2!C:D, 2, FALSE) -> West | D34: Dirab | E34: No | F34: Yes | G34: No
A35: 147 | B35: Tuwaiq | C35: =VLOOKUP(B35, [1]Sheet2!C:D, 2, FALSE) -> West | D35: Tuwaiq | E35: No | F35: Yes | G35: No
A36: 148 | B36: Al Mahdiyah | C36: =VLOOKUP(B36, [1]Sheet2!C:D, 2, FALSE) -> West | D36: Al Mahdiyah | E36: No | F36: Yes | G36: No
A37: 5 | B37: Al Ezdihar | C37: =VLOOKUP(B37, [1]Sheet2!C:D, 2, FALSE) -> Center | D37: Al Ezdihar | E37: Yes
A38: 6 | B38: Al Taawun | C38: =VLOOKUP(B38, [1]Sheet2!C:D, 2, FALSE) -> Center | D38: Al Taawun | E38: Yes
A39: 7 | B39: Al Maseef | C39: =VLOOKUP(B39, [1]Sheet2!C:D, 2, FALSE) -> Center | D39: Al Maseef | E39: Yes
A40: 8 | B40: Al Muruj | C40: =VLOOKUP(B40, [1]Sheet2!C:D, 2, FALSE) -> Center | D40: Al Muruj | E40: Yes
A41: 9 | B41: Al Mughrazat | C41: =VLOOKUP(B41, [1]Sheet2!C:D, 2, FALSE) -> Center | D41: Al Mughrazat | E41: Yes
A42: 10 | B42: Al Nuzha | C42: =VLOOKUP(B42, [1]Sheet2!C:D, 2, FALSE) -> Center | D42: Al Nuzha | E42: Yes
A43: 11 | B43: Al Mursalat | C43: =VLOOKUP(B43, [1]Sheet2!C:D, 2, FALSE) -> Center | D43: Al Mursalat | E43: Yes
A44: 12 | B44: King Fahd | C44: =VLOOKUP(B44, [1]Sheet2!C:D, 2, FALSE) -> Center | D44: King Fahd | E44: Yes
A45: 13 | B45: King Abdullah | C45: =VLOOKUP(B45, [1]Sheet2!C:D, 2, FALSE) -> Center | D45: King Abdullah | E45: Yes
A46: 14 | B46: King Salman | C46: =VLOOKUP(B46, [1]Sheet2!C:D, 2, FALSE) -> Center | D46: King Salman | E46: Yes | H46: Al Wahah and Salahuddin previously
A47: 15 | B47: Al Woroud | C47: =VLOOKUP(B47, [1]Sheet2!C:D, 2, FALSE) -> Center | D47: Al Woroud | E47: Yes
A48: 16 | B48: King Abdulaziz | C48: =VLOOKUP(B48, [1]Sheet2!C:D, 2, FALSE) -> Center | D48: King Abdulaziz | E48: Yes
A49: 17 | B49: Al Sulaimaniyah | C49: =VLOOKUP(B49, [1]Sheet2!C:D, 2, FALSE) -> Center | D49: Al Sulaimaniyah | E49: Yes
A50: 18 | B50: Al Olaya | C50: =VLOOKUP(B50, [1]Sheet2!C:D, 2, FALSE) -> Center | D50: Al Olaya | E50: Yes
A51: 19 | B51: Ar Rabwah | C51: =VLOOKUP(B51, [1]Sheet2!C:D, 2, FALSE) -> Center | D51: Ar Rabwah | E51: Yes
A52: 20 | B52: Al Zahra | C52: =VLOOKUP(B52, [1]Sheet2!C:D, 2, FALSE) -> Center | D52: Al Zahra | E52: Yes
A53: 21 | B53: Al Malaz | C53: =VLOOKUP(B53, [1]Sheet2!C:D, 2, FALSE) -> Center | D53: Al Malaz | E53: Yes
A54: 22 | B54: Al Wizarat | C54: =VLOOKUP(B54, [1]Sheet2!C:D, 2, FALSE) -> Center | D54: Al Wizarat | E54: Yes
A55: 23 | B55: Jareer | C55: =VLOOKUP(B55, [1]Sheet2!C:D, 2, FALSE) -> Center | D55: Jareer | E55: Yes
A56: 24 | B56: Al Murabba | C56: =VLOOKUP(B56, [1]Sheet2!C:D, 2, FALSE) -> Center | D56: Al Murabba | E56: Yes
A57: 25 | B57: Al Futah | C57: =VLOOKUP(B57, [1]Sheet2!C:D, 2, FALSE) -> Center | D57: Al Futah | E57: Yes
A58: 26 | B58: Al Amal | C58: =VLOOKUP(B58, [1]Sheet2!C:D, 2, FALSE) -> Center | D58: Al Amal | E58: Yes
... A88: 74 | B88: Al Marjan | C88: =VLOOKUP(B88, [1]Sheet2!C:D, 2, FALSE) -> East | D88: Al Marjan | E88: Yes
A89: 75 | B89: East Naseem | C89: =VLOOKUP(B89, [1]Sheet2!C:D, 2, FALSE) -> South | D89: East Naseem | E89: Yes | H89: Will be one district
A90: 76 | B90: West Naseem | C90: =VLOOKUP(B90, [1]Sheet2!C:D, 2, FALSE) -> South | D90: West Naseem | E90: Yes | H90: Will be one district
A91: 77 | B91: Al Manar | C91: =VLOOKUP(B91, [1]Sheet2!C:D, 2, FALSE) -> South | D91: Al Manar | E91: Yes
A92: 78 | B92: Al Saadah | C92: =VLOOKUP(B92, [1]Sheet2!C:D, 2, FALSE) -> South | D92: Al Saadah | E92: Yes
A93: 79 | B93: Al Fayha | C93: =VLOOKUP(B93, [1]Sheet2!C:D, 2, FALSE) -> South | D93: Al Fayha | E93: Yes
A94: 80 | B94: Al Jazeerah | C94: =VLOOKUP(B94, [1]Sheet2!C:D, 2, FALSE) -> South | D94: Al Jazeerah | E94: Yes
A95: 81 | B95: Al Sulay | C95: =VLOOKUP(B95, [1]Sheet2!C:D, 2, FALSE) -> South | D95: Al Sulay | E95: Yes | H95: One district along with with Alsuli Aljanoubi to be classified in East
A96: 82 | B96: Al Rayan | C96: =VLOOKUP(B96, [1]Sheet2!C:D, 2, FALSE) -> South | D96: Al Rayan | E96: Yes
A97: 83 | B97: Al Rawabi | C97: =VLOOKUP(B97, [1]Sheet2!C:D, 2, FALSE) -> South | D97: Al Rawabi | E97: Yes
A98: 84 | B98: Al Salam | C98: =VLOOKUP(B98, [1]Sheet2!C:D, 2, FALSE) -> South | D98: Al Salam | E98: Yes
A99: 85 | B99: Al Nahdah | C99: =VLOOKUP(B99, [1]Sheet2!C:D, 2, FALSE) -> East | D99: Al Nahdah | E99: Yes
A100: 86 | B100: Al Khaleej | C100: =VLOOKUP(B100, [1]Sheet2!C:D, 2, FALSE) -> East | D100: Al Khaleej | E100: Yes
A101: 87 | B101: Ishbiliyah | C101: =VLOOKUP(B101, [1]Sheet2!C:D, 2, FALSE) -> East | D101: Ishbiliyah | E101: Yes
A102: 88 | B102: Al Hamra | C102: =VLOOKUP(B102, [1]Sheet2!C:D, 2, FALSE) -> East | D102: Al Hamra | E102: Yes
A103: 89 | B103: Al Andalus | C103: =VLOOKUP(B103, [1]Sheet2!C:D, 2, FALSE) -> East | D103: Al Andalus | E103: Yes
A104: 90 | B104: King Faisal | C104: =VLOOKUP(B104, [1]Sheet2!C:D, 2, FALSE) -> East | D104: King Faisal | E104: Yes
A105: 91 | B105: Al Quds | C105: =VLOOKUP(B105, [1]Sheet2!C:D, 2, FALSE) -> East | D105: Al Quds | E105: Yes
A106: 92 | B106: Al Rawdah | C106: =VLOOKUP(B106, [1]Sheet2!C:D, 2, FALSE) -> East | D106: Al Rawdah | E106: Yes
A107: 93 | B107: Al Yarmuk | C107: =VLOOKUP(B107, [1]Sheet2!C:D, 2, FALSE) -> East | D107: Al Yarmuk | E107: Yes
... A130: 118 | B130: Al Khair | C130: =VLOOKUP(B130, [1]Sheet2!C:D, 2, FALSE) -> North | D130: Al Khair | E130: Yes
A131: 119 | B131: Al Khuzama | C131: =VLOOKUP(B131, [1]Sheet2!C:D, 2, FALSE) -> West | D131: Al Khuzama | E131: Yes | H131: Part in Direyah and part in West Riyadh seperated by Omar Bin Al Khattab Rd
A132: 122 | B132: Al Aziziyah | C132: =VLOOKUP(B132, [1]Sheet2!C:D, 2, FALSE) -> South | D132: Al Aziziyah | E132: Yes
A133: 123 | B133: Al Dar Al Baida | C133: =VLOOKUP(B133, [1]Sheet2!C:D, 2, FALSE) -> South | D133: Al Dar Al Baida | E133: Yes
A134: 124 | B134: Mansuriyah | C134: =VLOOKUP(B134, [1]Sheet2!C:D, 2, FALSE) -> South | D134: Mansuriyah | E134: Yes
A135: 125 | B135: Al Masani | C135: =VLOOKUP(B135, [1]Sheet2!C:D, 2, FALSE) -> South | D135: Al Masani | E135: Yes
A136: 126 | B136: Al Shifa | C136: =VLOOKUP(B136, [1]Sheet2!C:D, 2, FALSE) -> South | D136: Al Shifa | E136: Yes
A137: 127 | B137: Al Manakh | C137: =VLOOKUP(B137, [1]Sheet2!C:D, 2, FALSE) -> South | D137: Al Manakh | E137: Yes
A138: 128 | B138: Al Mishael | C138: =VLOOKUP(B138, [1]Sheet2!C:D, 2, FALSE) -> South | D138: Al Mishael | E138: Yes
A139: 129 | B139: Al Marwah | C139: =VLOOKUP(B139, [1]Sheet2!C:D, 2, FALSE) -> South | D139: Al Marwah | E139: Yes
A140: 130 | B140: Okaz | C140: =VLOOKUP(B140, [1]Sheet2!C:D, 2, FALSE) -> South | D140: Okaz | E140: Yes
A141: 131 | B141: Ohod | C141: =VLOOKUP(B141, [1]Sheet2!C:D, 2, FALSE) -> South | D141: Ohod | E141: Yes
A142: 132 | B142: Badr | C142: =VLOOKUP(B142, [1]Sheet2!C:D, 2, FALSE) -> South | D142: Badr | E142: Yes
A143: 133 | B143: Al Haer | C143: =VLOOKUP(B143, [1]Sheet2!C:D, 2, FALSE) -> South | D143: Al Haer | E143: Yes
... A191: 189 | B191: Al Hazm | C191: =VLOOKUP(B191, [1]Sheet2!C:D, 2, FALSE) -> West | D191: Al Hazm | E191: Yes

Sheet Distributed districts clean
A1: ID | B1: District in English | C1: Region | D1: Group A | E1: Group B | F1: Group C | G1: Group D | H1: Group E | I1: Group F | J1: Group G | K1: Round
A2: 1 | B2: Al Yasmeen | C2: North | D2: 1 | E2: 1 | F2: 1 | G2: 1 | H2: 1 | I2: 1 | J2: 1 | K2: 1
A3: 2 | B3: Al Narjis | C3: North | D3: 1 | E3: 1 | F3: 1 | G3: 1 | H3: 1 | I3: 1 | J3: 1 | K3: 1
A4: 3 | B4: Al Malqa | C4: North | D4: 1 | H4: 1 | K4: 2
A5: 4 | B5: Al Andalus | C5: East | D5: 1 | H5: 1 | K5: 2
A6: 5 | B6: Al Munisiyah | C6: East | E6: 1 | G6: 1 | K6: 2
A7: 6 | B7: Al Quds | C7: East | E7: 1 | G7: 1 | K7: 2
A8: 7 | B8: Hiteen | C8: North | F8: 1 | J8: 1 | K8: 2
A9: 8 | B9: Al Arid | C9: North | F9: 1 | J9: 1 | K9: 2
A10: 9 | B10: Al Hamra | C10: East | E10: 1 | G10: 1 | K10: 2
A11: 10 | B11: King Faisal | C11: East | E11: 1 | G11: 1 | K11: 2
A12: 11 | B12: Al Woroud | C12: Center | H12: 1 | I12: 1 | K12: 2
A13: 12 | B13: Ghirnatah | C13: East | H13: 1 | I13: 1 | K13: 2
A14: 13 | B14: Al Yarmuk | C14: East | D14: 1 | I14: 1 | K14: 2
A15: 14 | B15: Al Aqeeq | C15: North | D15: 1 | I15: 1 | K15: 2
A16: 15 | B16: Al Nuzha | C16: Center | F16: 1 | J16: 1 | K16: 2
A17: 16 | B17: Al Ghadeer | C17: North | F17: 1 | J17: 1 | K17: 2
A18: 17 | B18: Banban | C18: North | E18: 1 | K18: 3
A19: 18 | B19: Al Nada | C19: North | E19: 1 | K19: 3
A20: 19 | B20: Al Nadheem | C20: East | E20: 1 | K20: 3
A21: 20 | B21: Al Nadwah | C21: East | E21: 1 | K21: 3
A22: 21 | B22: Al Salam | C22: East | F22: 1 | K22: 3
A23: 22 | B23: Ar Rabie | C23: North | F23: 1 | K23: 3
A24: 23 | B24: Al Rayan | C24: East | G24: 1 | K24: 3
A25: 24 | B25: Al Falah | C25: North | G25: 1 | K25: 3
A26: 25 | B26: Al Nafel | C26: North | H26: 1 | K26: 3
A27: 26 | B27: Al Khair | C27: North | H27: 1 | K27: 3
A28: 27 | B28: Al Manar | C28: East | I28: 1 | K28: 3
A29: 28 | B29: Al Maizilah | C29: East | I29: 1 | K29: 3
A30: 29 | B30: Al Janadriyah | C30: East | J30: 1 | K30: 3
A31: 30 | B31: Al Rimayah | C31: East | J31: 1 | K31: 3
A32: 31 | B32: East Naseem | C32: East | E32: 1 | K32: 4
A33: 32 | B33: West Naseem | C33: East | E33: 1 | K33: 4
A34: 33 | B34: Al Shohda | C34: East | E34: 1 | H34: 1 | I34: 1 | K34: 4 | L34: Groups E and F went to Al Shohda as part of Ghirnatah in round 2
A35: 34 | B35: Al Rawdah | C35: East | F35: 1 | K35: 4
A36: 35 | B36: Al Bayan | C36: East | F36: 1 | K36: 4
A37: 36 | B37: Al Wadi | C37: North | F37: 1 | K37: 4
A38: 37 | B38: Al Nahdah | C38: East | G38: 1 | K38: 4
A39: 38 | B39: Ishbiliyah | C39: East | G39: 1 | K39: 4
A40: 39 | B40: Al Fayha | C40: East | G40: 1 | K40: 4
A41: 40 | B41: Al Sulay | C41: East | H41: 1 | J41: 1 | K41: 4 | L41: Group G went to Al Sulay again in round 5 so it will be removed from there
A42: 41 | B42: Al Rawabi | C42: East | H42: 1 | K42: 4
A43: 42 | B43: Al Khaleej | C43: East | H43: 1 | K43: 4
A44: 43 | B44: Al Qairawan | C44: North | I44: 1 | K44: 4
A45: 44 | B45: Al Qadisiyah | C45: East | I45: 1 | K45: 4
A46: 45 | B46: Al Sahafah | C46: North | I46: 1 | K46: 4
A47: 46 | B47: Al Jazeerah | C47: East | J47: 1 | K47: 4
A48: 47 | B48: Al Rimal | C48: East | J48: 1 | K48: 4
A49: 48 | B49: Al Saadah | C49: East | J49: 1 | K49: 4
A50: 49 | B50: Okaz | C50: South | E50: 1 | K50: 5
A51: 50 | B51: Al Maseef | C51: Center | E51: 1 | K51: 5
A52: 51 | B52: Al Mughrazat | C52: Center | E52: 1 | K52: 5
A53: 52 | B53: Qurtubah | C53: East | F53: 1 | K53: 5
A54: 53 | B54: Al Masani | C54: South | F54: 1 | K54: 5
A55: 54 | B55: Al Shifa | C55: South | F55: 1 | K55: 5
A56: 55 | B56: Al Aziziyah | C56: South | G56: 1 | K56: 5
A57: 56 | B57: Al Nakheel | C57: West | G57: 1 | K57: 5
A58: 57 | B58: Al Wizarat | C58: Center | G58: 1 | K58: 5
A59: 58 | B59: Al Taawun | C59: Center | H59: 1 | K59: 5
A60: 59 | B60: Al Mursalat | C60: Center | H60: 1 | K60: 5
A61: 60 | B61: Al Dar Al Baida | C61: South | H61: 1 | K61: 5
A62: 61 | B62: Al Sulaimaniyah | C62: Center | I62: 1 | K62: 5
A63: 62 | B63: Ohod | C63: South | I63: 1 | K63: 5
A64: 63 | B64: Al Zahra | C64: Center | I64: 1 | K64: 5
A65: 64 | B65: Al Muruj | C65: Center | J65: 1 | K65: 5
A66: 65 | B66: Al Ezdihar | C66: Center | J66: 1 | K66: 5
A67: 66 | B67: Jareer | C67: Center | E67: 1 | K67: 6
A68: 67 | B68: Al Olaya | C68: Center | E68: 1 | K68: 6
A69: 68 | B69: Khashm Al An | C69: South | E69: 1 | K69: 6
A70: 69 | B70: Al Ghannamiyah | C70: South | F70: 1 | K70: 6
A71: 70 | B71: New Industrial City | C71: South | E71: 1 | F71: 1 | K71: 6 | L71: Group B went to New Industrial City again in round 10 so it will be removed from there
A72: 71 | B72: Al Muhammadiyah | C72: West | G72: 1 | K72: 6
A73: 72 | B73: Al Iskan | C73: South | G73: 1 | K73: 6
A74: 73 | B74: King Abdullah | C74: Center | G74: 1 | K74: 6
A75: 74 | B75: King Abdulaziz | C75: Center | H75: 1 | K75: 6
A76: 75 | B76: Al Dhubbat | C76: Center | H76: 1 | K76: 6
A77: 76 | B77: Al Khuzama | C77: West | H77: 1 | K77: 6 | L77: Part in Direyah and part in West Riyadh seperated by Omar Bin Al Khattab Rd
A78: 77 | B78: Al Noor | C78: East | I78: 1 | K78: 6
A79: 78 | B79: King Salman | C79: Center | I79: 1 | K79: 6
A80: 79 | B80: Taybah | C80: South | I80: 1 | K80: 6
A81: 80 | B81: Hyt | C81: South | J81: 1 | K81: 6
A82: 81 | B82: King Fahd | C82: Center | J82: 1 | K82: 6
A83: 82 | B83: Al Misfat | C83: South | J83: 1 | K83: 6
A84: 83 | B84: Shubra | C84: West | E84: 1 | K84: 7
A85: 84 | B85: Laban | C85: West | E85: 1 | K85: 7
A86: 85 | B86: Oraid | C86: South | F86: 1 | K86: 7
A87: 86 | B87: Sultanah | C87: West | F87: 1 | K87: 7
A88: 87 | B88: Olaishah | C88: West | G88: 1 | K88: 7
A89: 88 | B89: Assafarat | C89: West | G89: 1 | K89: 7
A90: 89 | B90: Irqah | C90: West | H90: 1 | K90: 7
A91: 90 | B91: Siyah | C91: West | H91: 1 | K91: 7
A92: 91 | B92: Al Awaly | C92: West | I92: 1 | K92: 7
A93: 92 | B93: Namar | C93: West | I93: 1 | K93: 7
A94: 93 | B94: Al Hazm | C94: West | J94: 1 | K94: 7
A95: 94 | B95: Al Shumaisi | C95: West | J95: 1 | K95: 7
A96: 95 | B96: Ar Rabwah | C96: Center | E96: 1 | K96: 8
A97: 96 | B97: Al Marqab | C97: Center | E97: 1 | K97: 8
A98: 97 | B98: Al Fakhiriyah | C98: West | E98: 1 | K98: 8
A99: 98 | B99: East Umm Al Hamam | C99: West | E99: 1 | K99: 8
A100: 99 | B100: Ar Rahmaniyah | C100: West | E100: 1 | K100: 8
...

Sheet Random selection of streets
A1: ID | B1: District Number | C1: District in Arabic | D1: District in English | E1: Street | F1: Sampled for quality check | G1: Round | H1: Comments
A2: 1 | B2: 1 | C2: الياسمين | D2: Al Yasmeen | E2: طريق انس بن مالك | F2: 1 | G2: 1
A3: 2 | B3: 1 | C3: الياسمين | D3: Al Yasmeen | E3: طريق الملك عبدالعزيز جهة اليمين | F3: 1 | G3: 1
A4: 3 | B4: 1 | C4: الياسمين | D4: Al Yasmeen | E4: طريق أبي بكر الصديق جهة اليمين | F4: 1 | G4: 1
A5: 4 | B5: 1 | C5: الياسمين | D5: Al Yasmeen | E5: طريق الثمامة الفرعي | F5: 1 | G5: 1
A6: 5 | B6: 1 | C6: الياسمين | D6: Al Yasmeen | E6: طريق الملك فهد | F6: 1 | G6: 1
A7: 6 | B7: 1 | C7: الياسمين | D7: Al Yasmeen | E7: شارع القلعة | F7: 1 | G7: 1
A8: 7 | B8: 1 | C8: الياسمين | D8: Al Yasmeen | E8: شارع الفجر | F8: 1 | G8: 1
A9: 8 | B9: 1 | C9: الياسمين | D9: Al Yasmeen | E9: شارع القادسية | F9: 1 | G9: 1
A10: 9 | B10: 1 | C10: الياسمين | D10: Al Yasmeen | E10: شارع الأمير ناصر بن سعود بن فرحان آل سعود | F10: 1 | G10: 1
A11: 10 | B11: 1 | C11: الياسمين | D11: Al Yasmeen | E11: القنا | F11: 1 | G11: 1
A12: 11 | B12: 1 | C12: الياسمين | D12: Al Yasmeen | E12: الامير عبدالعزيز بن عياف | F12: 1 | G12: 1
A13: 12 | B13: 1 | C13: الياسمين | D13: Al Yasmeen | E13: الخيالة | F13: 1 | G13: 1
... A431: 430 | B431: 16 | C431: غرناطة | D431: Ghirnatah | E431: وادي الناقب | F431: 1 | G431: 2
A432: 431 | B432: 17 | C432: بنبان | D432: Banban | E432: طريق صلبوخ | G432: 3
A433: 432 | B433: 17 | C433: بنبان | D433: Banban | E433: طريق الملك خالد الفرعي | F433: 1 | G433: 3
A434: 433 | B434: 17 | C434: بنبان | D434: Banban | E434: SS21 Link | G434: 3
A435: 434 | B435: 17 | C435: بنبان | D435: Banban | E435: SS22 Link 2 | G435: 3
A436: 435 | B436: 17 | C436: بنبان | D436: Banban | E436: طريق الملك فهد | G436: 3
A437: 436 | B437: 17 | C437: بنبان | D437: Banban | E437: طريق الأمير محمد بن سعد بن عبدالعزيز | G437: 3
A438: 437 | B438: 17 | C438: بنبان | D438: Banban | E438: طريق بنبان | G438: 3
A439: 438 | B439: 17 | C439: بنبان | D439: Banban | E439: طريق بنبان المطار | G439: 3
A440: 439 | B440: 17 | C440: بنبان | D440: Banban | E440: وادي بنبان | G440: 3
A441: 440 | B441: 17 | C441: بنبان | D441: Banban | E441: شارع الماس | G441: 3
A442: 441 | B442: 17 | C442: بنبان | D442: Banban | E442: شارع خالد بن معبد | G442: 3
A443: 442 | B443: 17 | C443: بنبان | D443: Banban | E443: شارع الصواب | G443: 3
A444: 443 | B444: 17 | C444: بنبان | D444: Banban | E444: شارع الدرة | G444: 3
A445: 444 | B445: 17 | C445: بنبان | D445: Banban | E445: شارع الربيع الجرمي | F445: 1 | G445: 3
A446: 445 | B446: 17 | C446: بنبان | D446: Banban | E446: شارع الحكم بن عمير | G446: 3
A447: 446 | B447: 17 | C447: بنبان | D447: Banban | E447: شارع التعليم | G447: 3
A448: 447 | B448: 17 | C448: بنبان | D448: Banban | E448: شارع الحكم بن مرة | G448: 3
A449: 448 | B449: 17 | C449: بنبان | D449: Banban | E449: طريق الملك عبدالعزيز | F449: 1 | G449: 3
A450: 449 | B450: 17 | C450: بنبان | D450: Banban | E450: طريق ابي بكر الصديق | G450: 3
A451: 450 | B451: 17 | C451: بنبان | D451: Banban | E451: Mustafa Abdulaal | G451: 3
A452: 451 | B452: 17 | C452: بنبان | D452: Banban | E452: Khozain Bin Lhayan | G452: 3
A453: 452 | B453: 17 | C453: بنبان | D453: Banban | E453: https://maps.app.goo.gl/hR5FJYQVzMYBMunJ9?g_st=ic | G453: 3
A454: 453 | B454: 17 | C454: بنبان | D454: Banban | E454: https://maps.app.goo.gl/Tpgdxumnv4Gahb6d8?g_st=ic | G454: 3
A455: 454 | B455: 17 | C455: بنبان | D455: Banban | E455: https://maps.app.goo.gl/eRuvBEBsrhMkM1dQ8?g_st=ic | G455: 3
A456: 455 | B456: 17 | C456: بنبان | D456: Banban | E456: https://maps.app.goo.gl/nMY9A8BARP7e2Ww56?g_st=ic | G456: 3
A457: 456 | B457: 17 | C457: بنبان | D457: Banban | E457: https://maps.app.goo.gl/CstxBERkde4nCXm56?g_st=ic | G457: 3
A458: 457 | B458: 17 | C458: بنبان | D458: Banban | E458: https://maps.app.goo.gl/yc68g3MBzs9Cgp3d6?g_st=ic | G458: 3
A459: 458 | B459: 17 | C459: بنبان | D459: Banban | E459: https://maps.app.goo.gl/SrHKh3EFHxJFtJEU9?g_st=ic | G459: 3
A460: 459 | B460: 17 | C460: بنبان | D460: Banban | E460: https://maps.app.goo.gl/QEYdrLrLbrjoZ8kr8?g_st=ic | F460: 1 | G460: 3
A461: 460 | B461: 17 | C461: بنبان | D461: Banban | E461: https://maps.app.goo.gl/LENW3e972MmCCWPn7?g_st=ic | G461: 3
A462: 461 | B462: 17 | C462: بنبان | D462: Banban | E462: https://maps.app.goo.gl/YkpDbBh1zXY57KiR8?g_st=ic | G462: 3
A463: 462 | B463: 17 | C463: بنبان | D463: Banban | E463: https://maps.app.goo.gl/bTYSSg4PFVx57VpN7?g_st=ic | G463: 3
A464: 463 | B464: 17 | C464: بنبان | D464: Banban | E464: https://maps.app.goo.gl/2Sn961XxnbFuLPZe9?g_st=ic | G464: 3
A465: 464 | B465: 17 | C465: بنبان | D465: Banban | E465: https://maps.app.goo.gl/M5W1b9JbMYSq5Raj9?g_st=ic | G465: 3
A466: 465 | B466: 17 | C466: بنبان | D466: Banban | E466: https://maps.app.goo.gl/89QGzweuqV69LvRg8?g_st=ic | G466: 3
A467: 466 | B467: 18 | C467: الندى | D467: Al Nada | E467: الثمامه | G467: 3
A468: 467 | B468: 18 | C468: الندى | D468: Al Nada | E468: عثمان بن عفان | G468: 3
A469: 468 | B469: 18 | C469: الندى | D469: Al Nada | E469: طريق الامير سعود بن مقرن | G469: 3
A470: 469 | B470: 18 | C470: الندى | D470: Al Nada | E470: طريق ابو بكر | G470: 3
A471: 470 | B471: 18 | C471: الندى | D471: Al Nada | E471: القشاشيه | G471: 3
A472: 471 | B472: 18 | C472: الندى | D472: Al Nada | E472: القريات | G472: 3
... A474: 473 | B474: 18 | C474: الندى | D474: Al Nada | E474: No 25 | G474: 3
A475: 474 | B475: 18 | C475: الندى | D475: Al Nada | E475: No.68 | F475: 1 | G475: 3
A476: 475 | B476: 19 | C476: النظيم | D476: Al Nadheem | E476: طريق خريص- khurais-522 | G476: 3
A477: 476 | B477: 19 | C477: النظيم | D477: Al Nadheem | E477: الميناء | G477: 3
A478: 477 | B478: 19 | C478: النظيم | D478: Al Nadheem | E478: شارع المحيط | G478: 3
A479: 478 | B479: 19 | C479: النظيم | D479: Al Nadheem | E479: المرمر | G479: 3
A480: 479 | B480: 19 | C480: النظيم | D480: Al Nadheem | E480: الندوة | G480: 3
A481: 480 | B481: 19 | C481: النظيم | D481: Al Nadheem | E481: الصلاح | G481: 3
A482: 481 | B482: 19 | C482: النظيم | D482: Al Nadheem | E482: الطرفة | G482: 3
A483: 482 | B483: 19 | C483: النظيم | D483: Al Nadheem | E483: البرق | G483: 3
A484: 483 | B484: 19 | C484: النظيم | D484: Al Nadheem | E484: حسن عبدالله | G484: 3
A485: 484 | B485: 19 | C485: النظيم | D485: Al Nadheem | E485: عبدالله بن فريان | F485: 1 | G485: 3
A486: 485 | B486: 19 | C486: النظيم | D486: Al Nadheem | E486: الشرق | G486: 3
A487: 486 | B487: 19 | C487: النظيم | D487: Al Nadheem | E487: محمد بن الأحمر | G487: 3
A488: 487 | B488: 19 | C488: النظيم | D488: Al Nadheem | E488: عمارة بن صفوان | G488: 3
A489: 488 | B489: 19 | C489: النظيم | D489: Al Nadheem | E489: طريق خريص القديم | G489: 3
A490: 489 | B490: 19 | C490: النظيم | D490: Al Nadheem | E490: رفاعة بن اوس | G490: 3
A491: 490 | B491: 19 | C491: النظيم | D491: Al Nadheem | E491: التراث | G491: 3
A492: 491 | B492: 19 | C492: النظيم | D492: Al Nadheem | E492: https://maps.google.com?q=An%20Nazim,%20Al%20Nadwa,%20Riyadh%2014813&ftid=0x3e2fab40a30e178f:0xcd981b60b3eb4fad&hl=en-SA&gl=sa&entry=gps&lucs=,47071704,47084304&g_st=ic | G492: 3
A493: 492 | B493: 19 | C493: النظيم | D493: Al Nadheem | E493: https://maps.google.com?q=24.8026345,46.8827387&hl=en-SA&gl=sa&entry=gps&lucs=,47071704,47084304&g_st=ic | G493: 3
A494: 493 | B494: 19 | C494: النظيم | D494: Al Nadheem | E494: https://maps.app.goo.gl/fWAmYGofZUgNXC6A8?g_st=ic | F494: 1 | G494: 3
A495: 494 | B495: 19 | C495: النظيم | D495: Al Nadheem | E495: https://maps.app.goo.gl/dkQia7EXgUtc8iDR6?g_st=ic | F495: 1 | G495: 3
A496: 495 | B496: 20 | C496: الندوة | D496: Al Nadwah | E496: الحارث بن عبدالله | G496: 3
A497: 496 | B497: 20 | C497: الندوة | D497: Al Nadwah | E497: النهر | G497: 3
A498: 497 | B498: 20 | C498: الندوة | D498: Al Nadwah | E498: السحاب | G498: 3
A499: 498 | B499: 20 | C499: الندوة | D499: Al Nadwah | E499: الجزيرة الخضراء | G499: 3
A500: 499 | B500: 20 | C500: الندوة | D500: Al Nadwah | E500: الرايه | G500: 3
A501: 500 | B501: 20 | C501: الندوة | D501: Al Nadwah | E501: الميناء | G501: 3
A502: 501 | B502: 20 | C502: الندوة | D502: Al Nadwah | E502: الانوار | F502: 1 | G502: 3
A503: 502 | B503: 20 | C503: الندوة | D503: Al Nadwah | E503: الندوة | G503: 3
A504: 503 | B504: 21 | C504: السلام | D504: Al Salam | E504: الامير سعد بن عبدالرحمن الاول | G504: 3
A505: 504 | B505: 21 | C505: السلام | D505: Al Salam | E505: نايف بن عبدالعزيز جهة وحده فقط | G505: 3
A506: 505 | B506: 21 | C506: السلام | D506: Al Salam | E506: الامام الشافعي جهة وحدة فقط | G506: 3
A507: 506 | B507: 21 | C507: السلام | D507: Al Salam | E507: صالح بن عثمان القاضي | G507: 3
A508: 507 | B508: 21 | C508: السلام | D508: Al Salam | E508: ذي الرمة | G508: 3
A509: 508 | B509: 21 | C509: السلام | D509: Al Salam | E509: الامير محمد بن عبدالرحمن بن عبدالعزيز | G509: 3
A510: 509 | B510: 21 | C510: السلام | D510: Al Salam | E510: الزبير بن العوام | G510: 3
A511: 510 | B511: 21 | C511: السلام | D511: Al Salam | E511: سلامة ابن اياد* | G511: 3
A512: 511 | B512: 21 | C512: السلام | D512: Al Salam | E512: سعد بن عباده | G512: 3
A513: 512 | B513: 21 | C513: السلام | D513: Al Salam | E513: الامام احمد بن حنبل جهة وحده فقط | G513: 3
A514: 513 | B514: 21 | C514: السلام | D514: Al Salam | E514: صالح البسام | G514: 3
A515: 514 | B515: 21 | C515: السلام | D515: Al Salam | E515: ابن ماجة | F515: 1 | G515: 3
A516: 515 | B516: 21 | C516: السلام | D516: Al Salam | E516: الكهف | F516: 1 | G516: 3
A517: 516 | B517: 21 | C517: السلام | D517: Al Salam | E517: عبدالله القرعاوي | G517: 3
A518: 517 | B518: 21 | C518: السلام | D518: Al Salam | E518: ابي عثمان المازني | G518: 3
...

Sheet Clean deduplicated streets
A1: ID | B1: District Number | C1: District in English | D1: Street | E1: Sampled for quality check | F1: Round | G1: Comments | H1: Groups that went to it for quality | I1: New_region
A2: 1 | B2: 1 | C2: Al Yasmeen | D2: طريق انس بن مالك | E2: 1 | F2: 1 | H2: All groups | I2: =VLOOKUP(C2, 'New Riyadh Regions'!B:C, 2, FALSE) -> North
A3: 2 | B3: 1 | C3: Al Yasmeen | D3: طريق الملك عبدالعزيز جهة اليمين | E3: 1 | F3: 1 | H3: All groups | I3: =VLOOKUP(C3, 'New Riyadh Regions'!B:C, 2, FALSE) -> North
A4: 3 | B4: 1 | C4: Al Yasmeen | D4: طريق أبي بكر الصديق جهة اليمين | E4: 1 | F4: 1 | H4: All groups | I4: =VLOOKUP(C4, 'New Riyadh Regions'!B:C, 2, FALSE) -> North
A5: 4 | B5: 1 | C5: Al Yasmeen | D5: طريق الثمامة الفرعي | E5: 1 | F5: 1 | H5: All groups | I5: =VLOOKUP(C5, 'New Riyadh Regions'!B:C, 2, FALSE) -> North
A6: 5 | B6: 1 | C6: Al Yasmeen | D6: طريق الملك فهد | E6: 1 | F6: 1 | H6: All groups | I6: =VLOOKUP(C6, 'New Riyadh Regions'!B:C, 2, FALSE) -> North
A7: 6 | B7: 1 | C7: Al Yasmeen | D7: شارع القلعة | E7: 1 | F7: 1 | H7: All groups | I7: =VLOOKUP(C7, 'New Riyadh Regions'!B:C, 2, FALSE) -> North
A8: 7 | B8: 1 | C8: Al Yasmeen | D8: شارع الفجر | E8: 1 | F8: 1 | H8: All groups | I8: =VLOOKUP(C8, 'New Riyadh Regions'!B:C, 2, FALSE) -> North
A9: 8 | B9: 1 | C9: Al Yasmeen | D9: شارع القادسية | E9: 1 | F9: 1 | H9: All groups | I9: =VLOOKUP(C9, 'New Riyadh Regions'!B:C, 2, FALSE) -> North
A10: 9 | B10: 1 | C10: Al Yasmeen | D10: شارع الأمير ناصر بن سعود بن فرحان آل سعود | E10: 1 | F10: 1 | H10: All groups | I10: =VLOOKUP(C10, 'New Riyadh Regions'!B:C, 2, FALSE) -> North
A11: 10 | B11: 1 | C11: Al Yasmeen | D11: القنا | E11: 1 | F11: 1 | H11: All groups | I11: =VLOOKUP(C11, 'New Riyadh Regions'!B:C, 2, FALSE) -> North
A12: 11 | B12: 1 | C12: Al Yasmeen | D12: الامير عبدالعزيز بن عياف | E12: 1 | F12: 1 | H12: All groups | I12: =VLOOKUP(C12, 'New Riyadh Regions'!B:C, 2, FALSE) -> North
A13: 12 | B13: 1 | C13: Al Yasmeen | D13: الخيالة | E13: 1 | F13: 1 | H13: All groups | I13: =VLOOKUP(C13, 'New Riyadh Regions'!B:C, 2, FALSE) -> North
... A418: 391 | B418: 14 | C418: Al Ghadeer | D418: النفود | E418: 1 | F418: 2 | H418: C and G | I418: =VLOOKUP(C418, 'New Riyadh Regions'!B:C, 2, FALSE) -> North
A419: 418 | B419: 17 | C419: Banban | D419: طريق صلبوخ | F419: 3 | H419: A | I419: =VLOOKUP(C419, 'New Riyadh Regions'!B:C, 2, FALSE) -> North
A420: 1215 | B420: 55 | C420: Al Mursalat | D420: الامير مقرن بن عبدالعزيز | E420: 1 | F420: 5 | H420: A | I420: =VLOOKUP(C420, 'New Riyadh Regions'!B:C, 2, FALSE) -> Center
A421: 420 | B421: 17 | C421: Banban | D421: SS21 Link | F421: 3 | H421: A | I421: =VLOOKUP(C421, 'New Riyadh Regions'!B:C, 2, FALSE) -> North
A422: 421 | B422: 17 | C422: Banban | D422: SS22 Link 2 | F422: 3 | H422: A | I422: =VLOOKUP(C422, 'New Riyadh Regions'!B:C, 2, FALSE) -> North
A423: 422 | B423: 17 | C423: Banban | D423: طريق الملك فهد | F423: 3 | H423: A | I423: =VLOOKUP(C423, 'New Riyadh Regions'!B:C, 2, FALSE) -> North
A424: 423 | B424: 17 | C424: Banban | D424: طريق الأمير محمد بن سعد بن عبدالعزيز | F424: 3 | H424: A | I424: =VLOOKUP(C424, 'New Riyadh Regions'!B:C, 2, FALSE) -> North
A425: 424 | B425: 17 | C425: Banban | D425: طريق بنبان | F425: 3 | H425: A | I425: =VLOOKUP(C425, 'New Riyadh Regions'!B:C, 2, FALSE) -> North
A426: 425 | B426: 17 | C426: Banban | D426: طريق بنبان المطار | F426: 3 | H426: A | I426: =VLOOKUP(C426, 'New Riyadh Regions'!B:C, 2, FALSE) -> North
A427: 426 | B427: 17 | C427: Banban | D427: وادي بنبان | F427: 3 | H427: A | I427: =VLOOKUP(C427, 'New Riyadh Regions'!B:C, 2, FALSE) -> North
A428: 427 | B428: 17 | C428: Banban | D428: شارع الماس | F428: 3 | H428: A | I428: =VLOOKUP(C428, 'New Riyadh Regions'!B:C, 2, FALSE) -> North
A429: 428 | B429: 17 | C429: Banban | D429: شارع خالد بن معبد | F429: 3 | H429: A | I429: =VLOOKUP(C429, 'New Riyadh Regions'!B:C, 2, FALSE) -> North
A430: 429 | B430: 17 | C430: Banban | D430: شارع الصواب | F430: 3 | H430: A | I430: =VLOOKUP(C430, 'New Riyadh Regions'!B:C, 2, FALSE) -> North
A431: 430 | B431: 17 | C431: Banban | D431: شارع الدرة | F431: 3 | H431: A | I431: =VLOOKUP(C431, 'New Riyadh Regions'!B:C, 2, FALSE) -> North
A432: 1216 | B432: 55 | C432: Al Mursalat | D432: الامير مشهور بن عبدالعزيز | E432: 1 | F432: 5 | H432: A | I432: =VLOOKUP(C432, 'New Riyadh Regions'!B:C, 2, FALSE) -> Center
A433: 432 | B433: 17 | C433: Banban | D433: شارع الحكم بن عمير | F433: 3 | H433: A | I433: =VLOOKUP(C433, 'New Riyadh Regions'!B:C, 2, FALSE) -> North
A434: 433 | B434: 17 | C434: Banban | D434: شارع التعليم | F434: 3 | H434: A | I434: =VLOOKUP(C434, 'New Riyadh Regions'!B:C, 2, FALSE) -> North
A435: 434 | B435: 17 | C435: Banban | D435: شارع الحكم بن مرة | F435: 3 | H435: A | I435: =VLOOKUP(C435, 'New Riyadh Regions'!B:C, 2, FALSE) -> North
A436: 1224 | B436: 56 | C436: Al Muruj | D436: طريق الملك فهد | E436: 1 | F436: 5 | H436: A | I436: =VLOOKUP(C436, 'New Riyadh Regions'!B:C, 2, FALSE) -> Center
A437: 436 | B437: 17 | C437: Banban | D437: طريق ابي بكر الصديق | F437: 3 | H437: A | I437: =VLOOKUP(C437, 'New Riyadh Regions'!B:C, 2, FALSE) -> North
A438: 437 | B438: 17 | C438: Banban | D438: Mustafa Abdulaal | F438: 3 | H438: A | I438: =VLOOKUP(C438, 'New Riyadh Regions'!B:C, 2, FALSE) -> North
A439: 438 | B439: 17 | C439: Banban | D439: Khozain Bin Lhayan | F439: 3 | H439: A | I439: =VLOOKUP(C439, 'New Riyadh Regions'!B:C, 2, FALSE) -> North
A440: 439 | B440: 17 | C440: Banban | D440: https://maps.app.goo.gl/hR5FJYQVzMYBMunJ9?g_st=ic | F440: 3 | H440: A | I440: =VLOOKUP(C440, 'New Riyadh Regions'!B:C, 2, FALSE) -> North
A441: 440 | B441: 17 | C441: Banban | D441: https://maps.app.goo.gl/Tpgdxumnv4Gahb6d8?g_st=ic | F441: 3 | H441: A | I441: =VLOOKUP(C441, 'New Riyadh Regions'!B:C, 2, FALSE) -> North
A442: 441 | B442: 17 | C442: Banban | D442: https://maps.app.goo.gl/eRuvBEBsrhMkM1dQ8?g_st=ic | F442: 3 | H442: A | I442: =VLOOKUP(C442, 'New Riyadh Regions'!B:C, 2, FALSE) -> North
A443: 442 | B443: 17 | C443: Banban | D443: https://maps.app.goo.gl/nMY9A8BARP7e2Ww56?g_st=ic | F443: 3 | H443: A | I443: =VLOOKUP(C443, 'New Riyadh Regions'!B:C, 2, FALSE) -> North
A444: 443 | B444: 17 | C444: Banban | D444: https://maps.app.goo.gl/CstxBERkde4nCXm56?g_st=ic | F444: 3 | H444: A | I444: =VLOOKUP(C444, 'New Riyadh Regions'!B:C, 2, FALSE) -> North
A445: 444 | B445: 17 | C445: Banban | D445: https://maps.app.goo.gl/yc68g3MBzs9Cgp3d6?g_st=ic | F445: 3 | H445: A | I445: =VLOOKUP(C445, 'New Riyadh Regions'!B:C, 2, FALSE) -> North
A446: 445 | B446: 17 | C446: Banban | D446: https://maps.app.goo.gl/SrHKh3EFHxJFtJEU9?g_st=ic | F446: 3 | H446: A | I446: =VLOOKUP(C446, 'New Riyadh Regions'!B:C, 2, FALSE) -> North
A447: 1226 | B447: 56 | C447: Al Muruj | D447: طريق الملك عبدالعزيز | E447: 1 | F447: 5 | H447: A | I447: =VLOOKUP(C447, 'New Riyadh Regions'!B:C, 2, FALSE) -> Center
A448: 447 | B448: 17 | C448: Banban | D448: https://maps.app.goo.gl/LENW3e972MmCCWPn7?g_st=ic | F448: 3 | H448: A | I448: =VLOOKUP(C448, 'New Riyadh Regions'!B:C, 2, FALSE) -> North
A449: 448 | B449: 17 | C449: Banban | D449: https://maps.app.goo.gl/YkpDbBh1zXY57KiR8?g_st=ic | F449: 3 | H449: A | I449: =VLOOKUP(C449, 'New Riyadh Regions'!B:C, 2, FALSE) -> North
A450: 449 | B450: 17 | C450: Banban | D450: https://maps.app.goo.gl/bTYSSg4PFVx57VpN7?g_st=ic | F450: 3 | H450: A | I450: =VLOOKUP(C450, 'New Riyadh Regions'!B:C, 2, FALSE) -> North
A451: 450 | B451: 17 | C451: Banban | D451: https://maps.app.goo.gl/2Sn961XxnbFuLPZe9?g_st=ic | F451: 3 | H451: A | I451: =VLOOKUP(C451, 'New Riyadh Regions'!B:C, 2, FALSE) -> North
A452: 451 | B452: 17 | C452: Banban | D452: https://maps.app.goo.gl/M5W1b9JbMYSq5Raj9?g_st=ic | F452: 3 | H452: A | I452: =VLOOKUP(C452, 'New Riyadh Regions'!B:C, 2, FALSE) -> North
A453: 452 | B453: 17 | C453: Banban | D453: https://maps.app.goo.gl/89QGzweuqV69LvRg8?g_st=ic | F453: 3 | H453: A | I453: =VLOOKUP(C453, 'New Riyadh Regions'!B:C, 2, FALSE) -> North
A454: 453 | B454: 18 | C454: Al Nada | D454: الثمامه | F454: 3 | H454: A | I454: =VLOOKUP(C454, 'New Riyadh Regions'!B:C, 2, FALSE) -> North
A455: 454 | B455: 18 | C455: Al Nada | D455: عثمان بن عفان | F455: 3 | H455: A | I455: =VLOOKUP(C455, 'New Riyadh Regions'!B:C, 2, FALSE) -> North
A456: 455 | B456: 18 | C456: Al Nada | D456: طريق الامير سعود بن مقرن | F456: 3 | H456: A | I456: =VLOOKUP(C456, 'New Riyadh Regions'!B:C, 2, FALSE) -> North
A457: 456 | B457: 18 | C457: Al Nada | D457: طريق ابو بكر | F457: 3 | H457: A | I457: =VLOOKUP(C457, 'New Riyadh Regions'!B:C, 2, FALSE) -> North
A458: 457 | B458: 18 | C458: Al Nada | D458: القشاشيه | F458: 3 | H458: A | I458: =VLOOKUP(C458, 'New Riyadh Regions'!B:C, 2, FALSE) -> North
A459: 458 | B459: 18 | C459: Al Nada | D459: القريات | F459: 3 | H459: A | I459: =VLOOKUP(C459, 'New Riyadh Regions'!B:C, 2, FALSE) -> North
... A461: 460 | B461: 18 | C461: Al Nada | D461: No 25 | F461: 3 | H461: A | I461: =VLOOKUP(C461, 'New Riyadh Regions'!B:C, 2, FALSE) -> North
A462: 1239 | B462: 56 | C462: Al Muruj | D462: شارع نابلس | E462: 1 | F462: 5 | H462: A | I462: =VLOOKUP(C462, 'New Riyadh Regions'!B:C, 2, FALSE) -> Center
A463: 462 | B463: 19 | C463: Al Nadheem | D463: طريق خريص- khurais-522 | F463: 3 | H463: A | I463: =VLOOKUP(C463, 'New Riyadh Regions'!B:C, 2, FALSE) -> East
A464: 463 | B464: 19 | C464: Al Nadheem | D464: الميناء | F464: 3 | H464: A | I464: =VLOOKUP(C464, 'New Riyadh Regions'!B:C, 2, FALSE) -> East
A465: 464 | B465: 19 | C465: Al Nadheem | D465: شارع المحيط | F465: 3 | H465: A | I465: =VLOOKUP(C465, 'New Riyadh Regions'!B:C, 2, FALSE) -> East
A466: 465 | B466: 19 | C466: Al Nadheem | D466: المرمر | F466: 3 | H466: A | I466: =VLOOKUP(C466, 'New Riyadh Regions'!B:C, 2, FALSE) -> East
A467: 466 | B467: 19 | C467: Al Nadheem | D467: الندوة | F467: 3 | H467: A | I467: =VLOOKUP(C467, 'New Riyadh Regions'!B:C, 2, FALSE) -> East
A468: 467 | B468: 19 | C468: Al Nadheem | D468: الصلاح | F468: 3 | H468: A | I468: =VLOOKUP(C468, 'New Riyadh Regions'!B:C, 2, FALSE) -> East
A469: 468 | B469: 19 | C469: Al Nadheem | D469: الطرفة | F469: 3 | H469: A | I469: =VLOOKUP(C469, 'New Riyadh Regions'!B:C, 2, FALSE) -> East
A470: 469 | B470: 19 | C470: Al Nadheem | D470: البرق | F470: 3 | H470: A | I470: =VLOOKUP(C470, 'New Riyadh Regions'!B:C, 2, FALSE) -> East
A471: 470 | B471: 19 | C471: Al Nadheem | D471: حسن عبدالله | F471: 3 | H471: A | I471: =VLOOKUP(C471, 'New Riyadh Regions'!B:C, 2, FALSE) -> East
A472: 1250 | B472: 57 | C472: Al Maseef | D472: طريق ابي بكر الصديق | E472: 1 | F472: 5 | H472: A | I472: =VLOOKUP(C472, 'New Riyadh Regions'!B:C, 2, FALSE) -> Center
A473: 472 | B473: 19 | C473: Al Nadheem | D473: الشرق | F473: 3 | H473: A | I473: =VLOOKUP(C473, 'New Riyadh Regions'!B:C, 2, FALSE) -> East
A474: 473 | B474: 19 | C474: Al Nadheem | D474: محمد بن الأحمر | F474: 3 | H474: A | I474: =VLOOKUP(C474, 'New Riyadh Regions'!B:C, 2, FALSE) -> East
A475: 474 | B475: 19 | C475: Al Nadheem | D475: عمارة بن صفوان | F475: 3 | H475: A | I475: =VLOOKUP(C475, 'New Riyadh Regions'!B:C, 2, FALSE) -> East
A476: 475 | B476: 19 | C476: Al Nadheem | D476: طريق خريص القديم | F476: 3 | H476: A | I476: =VLOOKUP(C476, 'New Riyadh Regions'!B:C, 2, FALSE) -> East
A477: 476 | B477: 19 | C477: Al Nadheem | D477: رفاعة بن اوس | F477: 3 | H477: A | I477: =VLOOKUP(C477, 'New Riyadh Regions'!B:C, 2, FALSE) -> East
A478: 477 | B478: 19 | C478: Al Nadheem | D478: التراث | F478: 3 | H478: A | I478: =VLOOKUP(C478, 'New Riyadh Regions'!B:C, 2, FALSE) -> East
A479: 478 | B479: 19 | C479: Al Nadheem | D479: https://maps.google.com?q=An%20Nazim,%20Al%20Nadwa,%20Riyadh%2014813&ftid=0x3e2fab40a30e178f:0xcd981b60b3eb4fad&hl=en-SA&gl=sa&entry=gps&lucs=,47071704,47084304&g_st=ic | F479: 3 | H479: A | I479: =VLOOKUP(C479, 'New Riyadh Regions'!B:C, 2, FALSE) -> East
A480: 479 | B480: 19 | C480: Al Nadheem | D480: https://maps.google.com?q=24.8026345,46.8827387&hl=en-SA&gl=sa&entry=gps&lucs=,47071704,47084304&g_st=ic | F480: 3 | H480: A | I480: =VLOOKUP(C480, 'New Riyadh Regions'!B:C, 2, FALSE) -> East
A481: 1254 | B481: 57 | C481: Al Maseef | D481: اسيد بن الخضير | E481: 1 | F481: 5 | H481: A | I481: =VLOOKUP(C481, 'New Riyadh Regions'!B:C, 2, FALSE) -> Center
A482: 1257 | B482: 58 | C482: Al Zahra | D482: فاطمة الزهراء | E482: 1 | F482: 5 | H482: A | I482: =VLOOKUP(C482, 'New Riyadh Regions'!B:C, 2, FALSE) -> Center
A483: 482 | B483: 20 | C483: Al Nadwah | D483: الحارث بن عبدالله | F483: 3 | H483: A | I483: =VLOOKUP(C483, 'New Riyadh Regions'!B:C, 2, FALSE) -> East
A484: 483 | B484: 20 | C484: Al Nadwah | D484: النهر | F484: 3 | H484: A | I484: =VLOOKUP(C484, 'New Riyadh Regions'!B:C, 2, FALSE) -> East
A485: 484 | B485: 20 | C485: Al Nadwah | D485: السحاب | F485: 3 | H485: A | I485: =VLOOKUP(C485, 'New Riyadh Regions'!B:C, 2, FALSE) -> East
A486: 485 | B486: 20 | C486: Al Nadwah | D486: الجزيرة الخضراء | F486: 3 | H486: A | I486: =VLOOKUP(C486, 'New Riyadh Regions'!B:C, 2, FALSE) -> East
A487: 486 | B487: 20 | C487: Al Nadwah | D487: الرايه | F487: 3 | H487: A | I487: =VLOOKUP(C487, 'New Riyadh Regions'!B:C, 2, FALSE) -> East
A488: 487 | B488: 20 | C488: Al Nadwah | D488: الميناء | F488: 3 | H488: A | I488: =VLOOKUP(C488, 'New Riyadh Regions'!B:C, 2, FALSE) -> East
A489: 1266 | B489: 59 | C489: Al Ezdihar | D489: الهمامي | E489: 1 | F489: 5 | H489: A | I489: =VLOOKUP(C489, 'New Riyadh Regions'!B:C, 2, FALSE) -> Center
A490: 489 | B490: 20 | C490: Al Nadwah | D490: الندوة | F490: 3 | H490: A | I490: =VLOOKUP(C490, 'New Riyadh Regions'!B:C, 2, FALSE) -> East
A491: 490 | B491: 21 | C491: Al Salam | D491: الامير سعد بن عبدالرحمن الاول | F491: 3 | H491: A | I491: =VLOOKUP(C491, 'New Riyadh Regions'!B:C, 2, FALSE) -> South
A492: 491 | B492: 21 | C492: Al Salam | D492: نايف بن عبدالعزيز جهة وحده فقط | F492: 3 | H492: A | I492: =VLOOKUP(C492, 'New Riyadh Regions'!B:C, 2, FALSE) -> South
A493: 492 | B493: 21 | C493: Al Salam | D493: الامام الشافعي جهة وحدة فقط | F493: 3 | H493: A | I493: =VLOOKUP(C493, 'New Riyadh Regions'!B:C, 2, FALSE) -> South
A494: 493 | B494: 21 | C494: Al Salam | D494: صالح بن عثمان القاضي | F494: 3 | H494: A | I494: =VLOOKUP(C494, 'New Riyadh Regions'!B:C, 2, FALSE) -> South
A495: 494 | B495: 21 | C495: Al Salam | D495: ذي الرمة | F495: 3 | H495: A | I495: =VLOOKUP(C495, 'New Riyadh Regions'!B:C, 2, FALSE) -> South
A496: 495 | B496: 21 | C496: Al Salam | D496: الامير محمد بن عبدالرحمن بن عبدالعزيز | F496: 3 | H496: A | I496: =VLOOKUP(C496, 'New Riyadh Regions'!B:C, 2, FALSE) -> South
A497: 496 | B497: 21 | C497: Al Salam | D497: الزبير بن العوام | F497: 3 | H497: A | I497: =VLOOKUP(C497, 'New Riyadh Regions'!B:C, 2, FALSE) -> South
A498: 497 | B498: 21 | C498: Al Salam | D498: سلامة ابن اياد* | F498: 3 | H498: A | I498: =VLOOKUP(C498, 'New Riyadh Regions'!B:C, 2, FALSE) -> South
A499: 498 | B499: 21 | C499: Al Salam | D499: سعد بن عباده | F499: 3 | H499: A | I499: =VLOOKUP(C499, 'New Riyadh Regions'!B:C, 2, FALSE) -> South
A500: 499 | B500: 21 | C500: Al Salam | D500: الامام احمد بن حنبل جهة وحده فقط | F500: 3 | H500: A | I500: =VLOOKUP(C500, 'New Riyadh Regions'!B:C, 2, FALSE) -> South
A501: 500 | B501: 21 | C501: Al Salam | D501: صالح البسام | F501: 3 | H501: A | I501: =VLOOKUP(C501, 'New Riyadh Regions'!B:C, 2, FALSE) -> South
A502: 1280 | B502: 59 | C502: Al Ezdihar | D502: ملهم | E502: 1 | F502: 5 | H502: A | I502: =VLOOKUP(C502, 'New Riyadh Regions'!B:C, 2, FALSE) -> Center
A503: 1284 | B503: 59 | C503: Al Ezdihar | D503: فيفا | E503: 1 | F503: 5 | H503: A | I503: =VLOOKUP(C503, 'New Riyadh Regions'!B:C, 2, FALSE) -> Center
A504: 503 | B504: 21 | C504: Al Salam | D504: عبدالله القرعاوي | F504: 3 | H504: A | I504: =VLOOKUP(C504, 'New Riyadh Regions'!B:C, 2, FALSE) -> South
A505: 504 | B505: 21 | C505: Al Salam | D505: ابي عثمان المازني | F505: 3 | H505: A | I505: =VLOOKUP(C505, 'New Riyadh Regions'!B:C, 2, FALSE) -> South
...
